id,institutionCode,collectionCode,ownerInstitutionCode,collectionID,basisOfRecord,occurrenceID,catalogNumber,otherCatalogNumbers,higherClassification,kingdom,phylum,class,order,family,scientificName,taxonID,scientificNameAuthorship,genus,subgenus,specificEpithet,verbatimTaxonRank,infraspecificEpithet,cultivarEpithet,tradeName,taxonRank,identifiedBy,dateIdentified,identificationReferences,identificationRemarks,taxonRemarks,identificationQualifier,typeStatus,recordedBy,recordNumber,eventDate,eventtime,year,month,day,startDayOfYear,endDayOfYear,verbatimEventDate,occurrenceRemarks,habitat,behavior,vitality,fieldNumber,eventID,informationWithheld,dataGeneralizations,dynamicProperties,associatedSequences,associatedTaxa,reproductiveCondition,establishmentMeans,lifeStage,sex,individualCount,samplingProtocol,preparations,locationID,continent,waterBody,islandGroup,island,country,countryCode,stateProvince,county,municipality,locality,locationRemarks,decimalLatitude,decimalLongitude,geodeticDatum,coordinateUncertaintyInMeters,verbatimCoordinates,georeferencedBy,georeferenceProtocol,georeferenceSources,georeferenceVerificationStatus,georeferenceRemarks,minimumElevationInMeters,maximumElevationInMeters,minimumDepthInMeters,maximumDepthInMeters,verbatimDepth,verbatimElevation,disposition,language,recordEnteredBy,modified,rights,rightsHolder,accessRights,recordID,references
1593597,SDNHM,SDMC,,1f9cd5d3-c732-4ee9-b51e-477051bdad49,PreservedSpecimen,1926f94b-050c-4bc1-a6ad-c6dff77a789d,SDNHM017392,,,Animalia,Arthropoda,Insecta,Hymenoptera,Andrenidae,"Calliopsis rhodophila",237509,"Cockerell, 1897",Calliopsis,,rhodophila,,,,,Species,,,,,,,,"R. B. Parks",,1992-04-28,,1992,4,28,119,,4/28/1992,male,,,,,,,,,,,,,,,,,"Pinned - 1",,"North America",,,,"United States",US,California,"San Diego",,"Ramona, S.D. Estates",,33.006305,-116.781908,,5331,,"emichels (2019-04-26 14:50:37)",,"georef batch tool 2019-04-26; GeoLocate","reviewed - high confidence",,,,,,,,,,,"2024-03-26 14:03:29",http://creativecommons.org/publicdomain/zero/1.0/,,,ab2527ec-a2fa-4884-bc89-4ddc3a45cbc4,https://ecdysis.org/collections/individual/index.php?occid=1593597
1593598,SDNHM,SDMC,,1f9cd5d3-c732-4ee9-b51e-477051bdad49,PreservedSpecimen,4cf398a0-25bf-47d4-a09c-11de6e924700,SDNHM017388,,,Animalia,Arthropoda,Insecta,Hymenoptera,Andrenidae,"Calliopsis rhodophila",237509,"Cockerell, 1897",Calliopsis,,rhodophila,,,,,Species,,,,,,,,"R. B. Parks",,1992-06-15,,1992,6,15,167,,6/15/1992,female,,,,,,,,,,,,,,,,,"Pinned - 1",,"North America",,,,"United States",US,California,"San Diego",,"Ramona, S.D. Estates",,33.006305,-116.781908,,5331,,"emichels (2019-04-26 14:50:37)",,"georef batch tool 2019-04-26; GeoLocate","reviewed - high confidence",,,,,,,,,,,"2024-03-26 14:03:29",http://creativecommons.org/publicdomain/zero/1.0/,,,8e70a28c-2d5d-414d-a72c-210eff19a5fc,https://ecdysis.org/collections/individual/index.php?occid=1593598
1593599,SDNHM,SDMC,,1f9cd5d3-c732-4ee9-b51e-477051bdad49,PreservedSpecimen,ad982ed0-da8f-464c-b6cb-2921c7854c96,SDNHM017389,,,Animalia,Arthropoda,Insecta,Hymenoptera,Andrenidae,"Calliopsis rhodophila",237509,"Cockerell, 1897",Calliopsis,,rhodophila,,,,,Species,,,,,,,,"R. B. Parks",,1992-06-15,,1992,6,15,167,,6/15/1992,female,,,,,,,,,,,,,,,,,"Pinned - 1",,"North America",,,,"United States",US,California,"San Diego",,"Ramona, S.D. Estates",,33.006305,-116.781908,,5331,,"emichels (2019-04-26 14:50:37)",,"georef batch tool 2019-04-26; GeoLocate","reviewed - high confidence",,,,,,,,,,,"2024-03-26 14:03:29",http://creativecommons.org/publicdomain/zero/1.0/,,,acfccce2-bd5c-452f-a15e-5915afb842bf,https://ecdysis.org/collections/individual/index.php?occid=1593599
1593600,SDNHM,SDMC,,1f9cd5d3-c732-4ee9-b51e-477051bdad49,PreservedSpecimen,138b85c1-8716-4ba4-bef1-15ecd393f387,SDNHM017390,,,Animalia,Arthropoda,Insecta,Hymenoptera,Andrenidae,"Calliopsis rhodophila",237509,"Cockerell, 1897",Calliopsis,,rhodophila,,,,,Species,,,,,,,,"R. B. Parks",,1992-06-15,,1992,6,15,167,,6/15/1992,female,,,,,,,,,,,,,,,,,"Pinned - 1",,"North America",,,,"United States",US,California,"San Diego",,"Ramona, S.D. Estates",,33.006305,-116.781908,,5331,,"emichels (2019-04-26 14:50:37)",,"georef batch tool 2019-04-26; GeoLocate","reviewed - high confidence",,,,,,,,,,,"2024-03-26 14:03:29",http://creativecommons.org/publicdomain/zero/1.0/,,,2a57d2a8-0dc7-4a6b-8248-c6ba22928fb3,https://ecdysis.org/collections/individual/index.php?occid=1593600
1593601,SDNHM,SDMC,,1f9cd5d3-c732-4ee9-b51e-477051bdad49,PreservedSpecimen,e5091ff6-902f-4316-ae64-4427ae5491f7,SDNHM017391,,,Animalia,Arthropoda,Insecta,Hymenoptera,Andrenidae,"Calliopsis rhodophila",237509,"Cockerell, 1897",Calliopsis,,rhodophila,,,,,Species,,,,,,,,"R. B. Parks",,1992-06-15,,1992,6,15,167,,6/15/1992,,,,,,,,,,,,,,,,,,"Pinned - 1",,"North America",,,,"United States",US,California,"San Diego",,"Ramona, S.D. Estates",,33.006305,-116.781908,,5331,,"emichels (2019-04-26 14:50:37)",,"georef batch tool 2019-04-26; GeoLocate","reviewed - high confidence",,,,,,,,,,,"2024-03-26 14:03:29",http://creativecommons.org/publicdomain/zero/1.0/,,,38a8a973-f988-49ac-be43-50ebc71034c3,https://ecdysis.org/collections/individual/index.php?occid=1593601
2926894,UM,WRME,,5e7df386-c816-4437-888e-e97d8d211ed7,PreservedSpecimen,a7195126-91d7-4edf-ae5b-af487fbcc5a2,JBWM0373941,,,Animalia,Arthropoda,Insecta,Hymenoptera,Andrenidae,"Calliopsis rhodophila",237509,"Cockerell, 1897",Calliopsis,,rhodophila,,,,,Species,"Jason Gibbs",,,,,,,DB,,2004-05-19/2004-05-19,,2004,5,19,140,140,2004-05-19,,,,,,,,,,,,,,,female,,Pitfall,,,"North America",,,,"United States",US,California,"San Diego",,,,32.42,-117.09,WGS84,,,,,,,,,,,,,,WRME,,"L.A. Irwin","2025-03-13 12:26:27",https://creativecommons.org/licenses/by/4.0/,,,a7195126-91d7-4edf-ae5b-af487fbcc5a2,https://ecdysis.org/collections/individual/index.php?occid=2926894
2926895,UM,WRME,,5e7df386-c816-4437-888e-e97d8d211ed7,PreservedSpecimen,ddbce486-897f-488a-b9f1-734d4f450ece,JBWM0373942,,,Animalia,Arthropoda,Insecta,Hymenoptera,Andrenidae,"Calliopsis rhodophila",237509,"Cockerell, 1897",Calliopsis,,rhodophila,,,,,Species,"Jason Gibbs",,,,,,,DB,,2004-05-19/2004-05-19,,2004,5,19,140,140,2004-05-19,,,,,,,,,,,,,,,female,,Pitfall,,,"North America",,,,"United States",US,California,"San Diego",,,,32.42,-117.09,WGS84,,,,,,,,,,,,,,WRME,,"L.A. Irwin","2025-03-13 12:26:27",https://creativecommons.org/licenses/by/4.0/,,,ddbce486-897f-488a-b9f1-734d4f450ece,https://ecdysis.org/collections/individual/index.php?occid=2926895
2926896,UM,WRME,,5e7df386-c816-4437-888e-e97d8d211ed7,PreservedSpecimen,549ff947-4527-4611-a184-16b46cb23839,JBWM0373943,,,Animalia,Arthropoda,Insecta,Hymenoptera,Andrenidae,"Calliopsis rhodophila",237509,"Cockerell, 1897",Calliopsis,,rhodophila,,,,,Species,"Jason Gibbs",,,,,,,DB,,2004-05-16/2004-05-16,,2004,5,16,137,137,2004-05-16,,,,,,,,,,,,,,,male,,Pitfall,,,"North America",,,,"United States",US,California,"San Diego",,,,32.42,-117.09,WGS84,,,,,,,,,,,,,,WRME,,"L.A. Irwin","2025-03-13 12:26:27",https://creativecommons.org/licenses/by/4.0/,,,549ff947-4527-4611-a184-16b46cb23839,https://ecdysis.org/collections/individual/index.php?occid=2926896
2926897,UM,WRME,,5e7df386-c816-4437-888e-e97d8d211ed7,PreservedSpecimen,18703efa-6375-4c65-b7f6-31939aed7bd1,JBWM0373944,,,Animalia,Arthropoda,Insecta,Hymenoptera,Andrenidae,"Calliopsis rhodophila",237509,"Cockerell, 1897",Calliopsis,,rhodophila,,,,,Species,"Jason Gibbs",,,,,,,DB,,2004-05-19/2004-05-19,,2004,5,19,140,140,2004-05-19,,,,,,,,,,,,,,,male,,Pitfall,,,"North America",,,,"United States",US,California,"San Diego",,,,32.42,-117.09,WGS84,,,,,,,,,,,,,,WRME,,"L.A. Irwin","2025-03-13 12:26:27",https://creativecommons.org/licenses/by/4.0/,,,18703efa-6375-4c65-b7f6-31939aed7bd1,https://ecdysis.org/collections/individual/index.php?occid=2926897
